name,domain,ort,groesse_schaetzung,career_url
Bitpanda,bitpanda.com,Wien,500-1000,
Kapsch BusinessCom,kapsch.net,Wien,500-1000,
Frequentis,frequentis.com,Wien,1000+,
ACP,acp.at,Wien,500-1000,
Axians Österreich,axians.at,Wien,300-500,
x-tention,x-tention.com,Linz/Wien,500-1000,
Fabasoft,fabasoft.com,Linz,300-500,
Bechtle Österreich,bechtle.com,Wien,500-1000,
Tricentis,tricentis.com,Wien,1000+,
Anexia,anexia.com,Klagenfurt/Wien,200-500,
Dorotheum,dorotheum.com,Wien,500-1000,
Kommunalkredit,kommunalkredit.at,Wien,200-500,
Addiko Bank,addiko.com,Wien,500-1000,
Volksbank Wien,volksbankwien.at,Wien,500-1000,
Schoellerbank,schoellerbank.at,Wien,500-1000,
Bank Gutmann,gutmann.at,Wien,200-500,
Wiener Börse,wienerborse.at,Wien,<200,
OeKB,oekb.at,Wien,500-1000,
OeNB,oenb.at,Wien,1000+,
Wüstenrot,wuestenrot.at,Salzburg/Wien,500-1000,
Donau Versicherung,donauversicherung.at,Wien,500-1000,
Nürnberger Versicherung,nuernberger.at,Wien,200-500,
Helvetia Österreich,helvetia.com,Wien,500-1000,
Wolf Theiss,wolftheiss.com,Wien,500-1000,
Schönherr,schoenherr.eu,Wien,500-1000,
Binder Grösswang,bindergroesswang.at,Wien,200-500,
Octapharma,octapharma.com,Wien,1000+,
Gebro Pharma,gebro.com,Fieberbrunn/Wien,200-500,
Kwizda,kwizda.at,Wien,500-1000,
Richter Pharma,richter-pharma.com,Wels,200-500,
Biogena,biogena.com,Salzburg,200-500,
ASFINAG,asfinag.at,Wien,1000+,
Austro Control,austrocontrol.at,Wien,500-1000,
Hutchison Drei,drei.at,Wien,1000+,
Wiener Linien,wienerlinien.at,Wien,1000+,
Ottakringer,ottakringer.at,Wien,500-1000,
Manner,manner.com,Wien,500-1000,
Julius Meinl,meinlcoffee.com,Wien,200-500,
Kastner & Öhler,kastner-oehler.at,Graz/Wien,1000+,
Lagermax,lagermax.at,Salzburg/Wien,1000+,
BENE,bene.com,Waidhofen/Wien,500-1000,
Semperit,semperit.com,Wien,1000+,
Kontron,kontron.com,Linz,1000+,
ISG,isg.com,Wien,500-1000,
APG,apg.at,Wien,200-500,
PKE,pke.at,Wien,500-1000,
Rosenbauer,rosenbauer.com,Leonding,1000+,
SWARCO,swarco.com,Wattens/Wien,1000+,
Polytec,polytec-group.com,Hörsching,1000+,
Leyrer + Graf,leyrer-graf.at,NÖ,500-1000,
TGW Logistics,tgw-group.com,Wels,1000+,
Keba,keba.com,Linz,1000+,
Teufelberger,teufelberger.com,Wels,500-1000,
Pöttinger,poettinger.at,Grieskirchen,1000+,
Eurofunk Kappacher,eurofunk.com,Salzburg,200-500,
Greiner,greiner.com,Kremsmünster,1000+,
Sparkasse OÖ,sparkasse-ooe.at,Linz,1000+,
Energie AG OÖ,energieag.at,Linz,1000+,
Linz AG,linzag.at,Linz,1000+,
Kremsmüller,kremsmueller.com,Steinhaus,1000+,
ELK Fertighaus,elk.at,Schrems,1000+,
Hypo NOE,hyponoe.at,St. Pölten/Wien,200-500,
EVN,evn.at,Maria Enzersdorf,1000+,
NÖ Versicherung,noevers.at,St. Pölten,200-500,
Berndorf AG,berndorf.at,Berndorf,500-1000,
Lenzing,lenzing.com,Lenzing,1000+,
Doka,doka.com,Amstetten,1000+,
Umdasch Group,umdasch.com,Amstetten,1000+,
Test-Fuchs,test-fuchs.com,Groß-Siegharts,500-1000,
Schiebel,schiebel.com,Wien,500-1000,
Frequentis Pro,frequentis.com,Wien,1000+,
SBA Research,sba-research.org,Wien,<200,
Runtastic,runtastic.com,Linz,200-500,
Dynatrace,dynatrace.com,Linz,1000+,
Mavenir,mavenir.com,Wien,500-1000,
Cisco Systems Austria,cisco.com,Wien,<200,
Atos Österreich,atos.net,Wien,500-1000,
Raiffeisen Informatik,raiffeiseninformatik.at,Wien,1000+,
Allianz Technology,allianz-technology.com,Wien,500-1000,
Erste Digital,erstegroup.com,Wien,500-1000,
s IT Solutions,sitsolutions.at,Wien,500-1000,
Hello bank/BAWAG IT,bawaggroup.com,Wien,1000+,
Santander Consumer Bank AT,santanderconsumer.at,Wien,500-1000,
Generali Österreich,generali.at,Wien,1000+,
Merkur Versicherung,merkur.at,Graz/Wien,500-1000,
Vamed,vamed.com,Wien,1000+,
Wiener Privatklinik,wpk.at,Wien,500-1000,
Rudolfinerhaus,rudolfinerhaus.at,Wien,500-1000,
Libro,libro.at,Wiener Neudorf,500-1000,
Bipa,bipa.at,Wiener Neudorf,1000+,
XXXLutz,xxxlutz.at,Wels,1000+,
Kika/Leiner,kika.at,St. Pölten,1000+,
Marchtrenk Wimberger,wimberger.at,Wels,<200,
Wien Holding,wienholding.at,Wien,500-1000,
Wiener Stadthalle,stadthalle.com,Wien,<200,
Casinos Austria IT,casinos.at,Wien,1000+,
Novomatic,novomatic.com,Gumpoldskirchen,1000+,
ADMIRAL Sportwetten,admiral.at,Gumpoldskirchen,500-1000,
Palfinger,palfinger.com,Salzburg/Wien,1000+,
